,moshi,grade,date,place,address
0,全統高2記述模試（記述・論述式） 試験会場実施日,高2生,2018/02/04,河合塾札幌校,札幌市北区北９条西３丁目３番地
1,全統高2記述模試（記述・論述式） 試験会場実施日,高2生,2018/01/28,東北大川内北キャンパス講義棟,仙台市青葉区川内４１
2,全統高2記述模試（記述・論述式） 試験会場実施日,高2生,2018/02/04,茨城大学水戸ＣＰ,水戸市文京２丁目１番１号
3,全統高2記述模試（記述・論述式） 試験会場実施日,高2生,2018/02/04,宇都宮大学峰キャンパス,宇都宮市峰町３５０
4,全統高2記述模試（記述・論述式） 試験会場実施日,高2生,2018/02/04,育英メディカル専門学校,前橋市古市町１－３５－６
5,全統高2記述模試（記述・論述式） 試験会場実施日,高2生,2018/02/04,埼玉大学,さいたま市桜区下大久保２５５
6,全統高2記述模試（記述・論述式） 試験会場実施日,高2生,2018/02/04,河合塾柏校,柏市柏４－３－１
7,全統高2記述模試（記述・論述式） 試験会場実施日,高2生,2018/02/04,河合塾町田校,町田市中町１－１８－６
8,全統高2記述模試（記述・論述式） 試験会場実施日,高2生,2018/02/04,アーツカレッジヨコハマ,横浜市西区浅間町２－１０５－８
9,全統高2記述模試（記述・論述式） 試験会場実施日,高2生,2018/02/04,新潟公務員法律専門学校,新潟市中央区弁天２丁目４－２１
10,全統高2記述模試（記述・論述式） 試験会場実施日,高2生,2018/01/28,岐阜聖徳学園大学（岐阜）,岐阜市中鶉１－３８
11,全統高2記述模試（記述・論述式） 試験会場実施日,高2生,2018/01/28,河合塾浜松校,浜松市中区田町３２６－１９
12,全統高2記述模試（記述・論述式） 試験会場実施日,高2生,2018/01/28,愛知大学（豊橋キャンパス）,豊橋市町畑町１－１
13,全統高2記述模試（記述・論述式） 試験会場実施日,高2生,2018/01/28,三重大学教養教育校舎,津市栗真町屋町１５７７
14,全統高2記述模試（記述・論述式） 試験会場実施日,高2生,2018/02/04,滋賀県立大学,彦根市八坂町２５００
15,全統高2記述模試（記述・論述式） 試験会場実施日,高2生,2018/02/04,京都光華女子大学,京都市右京区西京極葛野町３８
16,全統高2記述模試（記述・論述式） 試験会場実施日,高2生,2018/02/04,ＴＫＰガーデンシティ大阪梅田,大阪市福島区福島５－４－２１
17,全統高2記述模試（記述・論述式） 試験会場実施日,高2生,2018/02/04,神戸大学工学研究科,神戸市灘区六甲台町１－１
18,全統高2記述模試（記述・論述式） 試験会場実施日,高2生,2018/02/11,河合塾広島校,広島市南区大須賀町１４－２０
19,全統高2記述模試（記述・論述式） 試験会場実施日,高2生,2018/01/28,河合塾福岡校,福岡市中央区渡辺通４－２－１１
20,全統マーク高2模試 試験会場実施日,高2生,2018/01/28,河合塾札幌校,札幌市北区北９条西３丁目３番地
21,全統マーク高2模試 試験会場実施日,高2生,2018/02/04,東北大川内北キャンパス講義棟,仙台市青葉区川内４１
22,全統マーク高2模試 試験会場実施日,高2生,2018/02/11,河合塾水戸校,水戸市宮町１－２－２２
23,全統マーク高2模試 試験会場実施日,高2生,2018/02/11,宇都宮大学峰キャンパス,宇都宮市峰町３５０
24,全統マーク高2模試 試験会場実施日,高2生,2018/02/11,共愛学園前橋国際大学,前橋市小屋原町１１５４－４
25,全統マーク高2模試 試験会場実施日,高2生,2018/02/11,埼玉大学,さいたま市桜区下大久保２５５
26,全統マーク高2模試 試験会場実施日,高2生,2018/02/11,河合塾柏校,柏市柏４－３－１
27,全統マーク高2模試 試験会場実施日,高2生,2018/02/11,（学）後藤学園,豊島区南池袋３－１２－５
28,全統マーク高2模試 試験会場実施日,高2生,2018/02/11,青山学院大学相模原キャンパス,相模原市中央区淵野辺５－１０－１
29,全統マーク高2模試 試験会場実施日,高2生,2018/02/11,新潟公務員法律専門学校,新潟市中央区弁天２丁目４－２１
30,全統マーク高2模試 試験会場実施日,高2生,2018/02/12,岐阜聖徳学園大学（岐阜）,岐阜市中鶉１－３８
31,全統マーク高2模試 試験会場実施日,高2生,2018/02/12,河合塾浜松校,浜松市中区田町３２６－１９
32,全統マーク高2模試 試験会場実施日,高2生,2018/02/12,愛知大学（豊橋キャンパス）,豊橋市町畑町１－１
33,全統マーク高2模試 試験会場実施日,高2生,2018/02/12,河合塾津現役館,津市大谷町２３７
34,全統マーク高2模試 試験会場実施日,高2生,2018/01/28,立命館大学ＢＫＣフォレスト,草津市野路東１－１－１
35,全統マーク高2模試 試験会場実施日,高2生,2018/01/28,ＹＩＣ京都工科大学校,京都市下京区油小路通塩小路下ル西油小路町２７
36,全統マーク高2模試 試験会場実施日,高2生,2018/01/28,大阪国際大学守口キャンパス,守口市藤田町６－２１－５７
37,全統マーク高2模試 試験会場実施日,高2生,2018/01/28,甲南大学,神戸市東灘区岡本８－９－１
38,全統マーク高2模試 試験会場実施日,高2生,2018/01/28,河合塾福山校,福山市丸之内１の３の１
39,全統マーク高2模試 試験会場実施日,高2生,2018/02/04,河合塾福岡校,福岡市中央区渡辺通４－２－１１
